"REGION TYPE","REGION","YEAR","WEEK","% WEIGHTED ILI","%UNWEIGHTED ILI","AGE 0-4","AGE 25-49","AGE 25-64","AGE 5-24","AGE 50-64","AGE 65","ILITOTAL","NUM. OF PROVIDERS","TOTAL PATIENTS"
"National","X",2010,40,1.10939,1.13505,2627,1677,NA,3142,627,400,8473,1838,746485
"National","X",2010,41,1.24341,1.25256,2953,1779,NA,3522,649,444,9347,1875,746230
"National","X",2010,42,1.25726,1.2457,3044,1898,NA,3641,690,411,9684,1907,777397
"National","X",2010,43,1.25734,1.26774,3226,1754,NA,3822,682,420,9904,1929,781234
"National","X",2010,44,1.43414,1.43723,3451,1981,NA,4397,736,455,11020,1947,766753
"National","X",2010,45,1.51838,1.53341,3927,1956,NA,4679,734,511,11807,1940,769982
"National","X",2010,46,1.61617,1.69445,4416,2327,NA,5322,774,497,13336,1921,787038
"National","X",2010,47,1.84378,1.9915,4598,2043,NA,4145,743,550,12079,1938,606527
"National","X",2010,48,1.72535,1.81305,5045,2440,NA,4978,915,619,13997,1964,772016
"National","X",2010,49,1.87923,2.01426,5060,2511,NA,5867,893,627,14958,1936,742606
"National","X",2010,50,2.3371,2.55659,6300,2847,NA,7194,1031,650,18022,1916,704923
"National","X",2010,51,3.03533,3.38185,7295,3433,NA,7071,1262,838,19899,1840,588406
"National","X",2010,52,3.136,3.43172,7478,4455,NA,5764,1581,1068,20346,1887,592880
"National","X",2011,1,2.53336,2.69151,6584,4455,NA,6342,1586,1059,20026,1923,744043
"National","X",2011,2,2.91288,2.91063,6238,4220,NA,7773,1537,953,20721,1921,711908
"National","X",2011,3,3.44497,3.49232,7247,5095,NA,11243,1734,938,26257,1964,751850
"National","X",2011,4,4.16185,4.0037,8007,5952,NA,15291,1794,931,31975,1947,798637
"National","X",2011,5,4.55159,4.43534,8195,6536,NA,16366,1990,1197,34284,1970,772974
"National","X",2011,6,4.46504,4.24215,8036,6812,NA,16516,1996,1096,34456,1961,812230
"National","X",2011,7,4.55124,4.39719,8172,7257,NA,17493,2352,1293,36567,1910,831600
"National","X",2011,8,4.0822,3.90256,7839,6425,NA,13718,2028,1267,31277,1908,801449
"National","X",2011,9,3.38812,3.15073,6376,4869,NA,10496,1740,1146,24627,1860,781629
"National","X",2011,10,2.99142,2.72422,5691,3939,NA,8427,1421,899,20377,1829,747993
"National","X",2011,11,2.61542,2.33336,5363,3265,NA,6702,1175,804,17309,1823,741807
"National","X",2011,12,2.09065,1.925,4400,2551,NA,5489,978,613,14031,1790,728883
"National","X",2011,13,1.86146,1.75243,4189,2244,NA,5025,877,622,12957,1770,739375
"National","X",2011,14,1.61377,1.57704,3701,1985,NA,4557,747,508,11498,1723,729089
"National","X",2011,15,1.42199,1.35766,3164,1574,NA,3562,641,450,9391,1681,691707
"National","X",2011,16,1.3382,1.31223,3139,1505,NA,3064,559,428,8695,1651,662612
"National","X",2011,17,1.19995,1.14937,2895,1324,NA,2673,555,383,7830,1612,681240
"National","X",2011,18,1.14889,1.11451,2532,1305,NA,2553,524,393,7307,1585,655627
"National","X",2011,19,1.12194,1.10984,2551,1254,NA,2595,485,351,7236,1556,651983
"National","X",2011,20,1.06712,1.0524,2353,1131,NA,2280,461,305,6530,1516,620485
"National","X",2011,21,1.05058,1.03536,2213,1045,NA,2110,405,299,6072,1381,586460
"National","X",2011,22,1.15203,1.11777,2249,1013,NA,1980,397,307,5946,1357,531954
"National","X",2011,23,0.970975,0.982949,2040,1037,NA,1760,432,278,5547,1296,564322
"National","X",2011,24,0.894683,0.925194,1812,911,NA,1599,405,262,4989,1279,539238
"National","X",2011,25,0.843568,0.835531,1604,870,NA,1422,308,244,4448,1251,532356
"National","X",2011,26,0.815409,0.832393,1472,750,NA,1462,324,210,4218,1225,506732
"National","X",2011,27,0.823052,0.855591,1423,823,NA,1269,270,224,4009,1211,468565
"National","X",2011,28,0.674635,0.706949,1255,756,NA,1206,316,188,3721,1220,526346
"National","X",2011,29,0.631883,0.694387,1243,733,NA,1184,259,178,3597,1203,518011
"National","X",2011,30,0.641513,0.687976,1251,667,NA,1188,263,169,3538,1179,514262
"National","X",2011,31,0.529813,0.644743,1088,635,NA,1125,203,151,3202,1175,496632
"National","X",2011,32,0.644089,0.67533,1207,704,NA,1223,231,158,3523,1175,521671
"National","X",2011,33,0.667718,0.72823,1342,767,NA,1358,241,166,3874,1191,531975
"National","X",2011,34,0.705668,0.806526,1505,814,NA,1600,305,220,4444,1195,551005
"National","X",2011,35,0.804155,0.860408,1528,887,NA,1781,308,213,4717,1200,548228
"National","X",2011,36,0.907804,0.936075,1622,904,NA,1809,293,185,4813,1184,514168
"National","X",2011,37,1.00555,0.966683,1788,1022,NA,2206,346,205,5567,1196,575887
"National","X",2011,38,1.03601,0.996007,1816,1126,NA,2264,374,242,5822,1201,584534
"National","X",2011,39,1.07583,1.10846,2248,1253,NA,2514,449,244,6708,1213,605162
"National","X",2011,40,1.16092,1.20345,3106,1765,NA,3485,632,377,9365,1850,778182
"National","X",2011,41,1.19785,1.23777,3317,1777,NA,3667,672,370,9803,1883,791987
"National","X",2011,42,1.27926,1.25259,3324,1763,NA,3837,655,379,9958,1905,794995
"National","X",2011,43,1.29194,1.30546,3453,1773,NA,4035,657,380,10298,1900,788840
"National","X",2011,44,1.42824,1.45295,3634,1957,NA,4658,760,387,11396,1925,784334
"National","X",2011,45,1.39803,1.44089,3949,2072,NA,4348,671,456,11496,1946,797839
"National","X",2011,46,1.45831,1.46221,3923,2166,NA,4361,797,474,11721,1900,801594
"National","X",2011,47,1.56548,1.65573,4125,1803,NA,3340,679,430,10377,1918,626731
"National","X",2011,48,1.34313,1.46606,4237,2059,NA,3955,815,413,11479,1904,782984
"National","X",2011,49,1.48139,1.51811,3995,1938,NA,4040,772,442,11187,1898,736905
"National","X",2011,50,1.63398,1.66429,4579,2077,NA,4097,838,546,12137,1872,729258
"National","X",2011,51,1.83126,1.85274,5016,2068,NA,3535,818,521,11958,1851,645424
"National","X",2011,52,2.10451,2.12413,5243,2315,NA,3184,946,668,12356,1821,581697
"National","X",2012,1,1.73625,1.76709,4514,2342,NA,3393,1028,715,11992,1891,678631
"National","X",2012,2,1.55066,1.5434,4059,2319,NA,3636,918,611,11543,1883,747894
"National","X",2012,3,1.62891,1.64762,4364,2247,NA,4030,800,498,11939,1887,724623
"National","X",2012,4,1.76038,1.6843,4766,2303,NA,4802,825,513,13209,1891,784244
"National","X",2012,5,1.92728,1.86354,5218,2415,NA,5336,915,564,14448,1885,775298
"National","X",2012,6,1.91994,1.86408,5028,2582,NA,5555,894,565,14624,1875,784516
"National","X",2012,7,2.09951,2.01839,5277,2937,NA,5994,1054,667,15929,1884,789193
"National","X",2012,8,2.23973,2.10385,5246,3009,NA,5990,1131,761,16137,1853,767022
"National","X",2012,9,2.21921,2.09555,5219,3141,NA,6239,1153,766,16518,1826,788242
"National","X",2012,10,2.16693,2.10398,4811,2832,NA,6493,998,629,15763,1816,749198
"National","X",2012,11,2.38913,2.2941,5175,3321,NA,6768,1185,701,17150,1819,747570
"National","X",2012,12,1.96466,1.92223,4422,2822,NA,5683,988,609,14524,1780,755579
"National","X",2012,13,1.84229,1.74239,3807,2485,NA,5256,920,549,13017,1753,747079
"National","X",2012,14,1.68674,1.67601,3582,2306,NA,4631,839,572,11930,1729,711808
"National","X",2012,15,1.53136,1.49637,3253,2109,NA,4059,767,544,10732,1707,717202
"National","X",2012,16,1.37912,1.38202,3001,1990,NA,4020,719,393,10123,1699,732480
"National","X",2012,17,1.29515,1.28926,2638,1831,NA,3802,664,435,9370,1675,726772
"National","X",2012,18,1.39521,1.35803,2509,1728,NA,3671,636,455,8999,1564,662649
"National","X",2012,19,1.32522,1.30833,2524,1559,NA,3468,606,419,8576,1546,655492
"National","X",2012,20,1.23059,1.26692,2465,1547,NA,3087,588,375,8062,1503,636347
"National","X",2012,21,1.23028,1.27731,2545,1461,NA,3011,483,378,7878,1415,616765
"National","X",2012,22,1.26877,1.2991,2480,1276,NA,2601,446,350,7153,1409,550614
"National","X",2012,23,1.10782,1.16297,2336,1281,NA,2352,458,338,6765,1365,581700
"National","X",2012,24,1.09559,1.08612,2231,1150,NA,2024,428,300,6133,1289,564670
"National","X",2012,25,1.11031,1.0568,2259,1119,NA,1974,411,285,6048,1295,572296
"National","X",2012,26,1.10616,1.07871,2168,1058,NA,1850,422,288,5786,1260,536380
"National","X",2012,27,1.10816,1.04662,1911,1013,NA,1706,388,273,5291,1271,505533
"National","X",2012,28,0.999444,0.928152,1913,964,NA,1751,337,220,5185,1240,558637
"National","X",2012,29,0.924199,0.901936,1818,914,NA,1640,318,241,4931,1223,546713
"National","X",2012,30,0.949257,0.915356,1752,975,NA,1721,372,283,5103,1250,557488
"National","X",2012,31,0.978903,0.952548,1728,1050,NA,1706,408,267,5159,1240,541600
"National","X",2012,32,0.925024,0.916661,1660,989,NA,1718,375,284,5026,1248,548294
"National","X",2012,33,0.848456,0.901787,1721,986,NA,1755,357,232,5051,1238,560110
"National","X",2012,34,1.04451,1.03315,2098,1194,NA,2128,425,296,6141,1238,594395
"National","X",2012,35,1.0986,1.05238,1958,1305,NA,2335,443,277,6318,1238,600354
"National","X",2012,36,1.22071,1.12713,1886,1317,NA,2294,481,318,6296,1242,558585
"National","X",2012,37,1.24976,1.1866,2176,1408,NA,2870,513,415,7382,1252,622114
"National","X",2012,38,1.22892,1.21415,2295,1530,NA,2972,511,348,7656,1268,630563
"National","X",2012,39,1.29393,1.25198,2421,1546,NA,2867,575,398,7807,1248,623572
"National","X",2012,40,1.23034,1.20559,2773,1814,NA,3691,702,415,9395,1932,779285
"National","X",2012,41,1.3278,1.31929,2960,1957,NA,4007,745,489,10158,1940,769959
"National","X",2012,42,1.33995,1.32737,3202,1902,NA,4233,760,488,10585,1968,797444
"National","X",2012,43,1.37842,1.36688,3346,2012,NA,4268,771,516,10913,1958,798388
"National","X",2012,44,1.50085,1.50535,3326,2032,NA,4422,797,484,11061,1929,734781
"National","X",2012,45,1.65163,1.61273,3733,2330,NA,5145,925,541,12674,1974,785871
"National","X",2012,46,1.76746,1.75208,4034,2569,NA,5526,897,597,13623,1966,777534
"National","X",2012,47,2.30609,2.33365,4651,2824,NA,5387,1105,683,14650,1968,627772
"National","X",2012,48,2.16324,2.2268,5102,3950,NA,7018,1498,953,18521,2006,831730
"National","X",2012,49,2.83038,2.97657,6486,4672,NA,10857,1791,1071,24877,2006,835762
"National","X",2012,50,3.43761,3.62552,7446,5692,NA,12945,2087,1262,29432,1977,811800
"National","X",2012,51,4.30554,4.5532,8546,7437,NA,13971,2730,1648,34332,1908,754019
"National","X",2012,52,6.06082,6.02598,9709,9295,NA,11391,3639,2554,36588,1905,607171
"National","X",2013,1,4.64931,4.96368,8444,9679,NA,9108,4080,2792,34103,1982,687051
"National","X",2013,2,4.32584,4.69072,8297,10877,NA,13424,4502,2796,39896,1995,850531
"National","X",2013,3,4.51113,4.70473,8633,8977,NA,15992,3523,2316,39441,2008,838326
"National","X",2013,4,4.2171,4.1646,7441,7021,NA,13439,2760,1765,32426,1978,778610
"National","X",2013,5,3.78956,3.69533,6609,6421,NA,12653,2551,1574,29808,1963,806640
"National","X",2013,6,3.29206,3.2363,5757,5236,NA,10816,1971,1207,24987,1931,772086
"National","X",2013,7,3.0197,2.89421,5289,4698,NA,9395,1894,1045,22321,1926,771229
"National","X",2013,8,2.71499,2.71742,5099,4357,NA,8415,1625,1023,20519,1940,755092
"National","X",2013,9,2.4845,2.52297,4633,4030,NA,7981,1619,968,19231,1893,762238
"National","X",2013,10,2.57808,2.55227,4791,3935,NA,7709,1536,858,18829,1884,737736
"National","X",2013,11,2.39237,2.43225,4480,3606,NA,7065,1352,889,17392,1846,715059
"National","X",2013,12,2.06778,2.10851,3957,3191,NA,6095,1270,741,15254,1825,723449
"National","X",2013,13,1.90281,1.94725,3830,2924,NA,5204,1124,632,13714,1811,704276
"National","X",2013,14,1.65902,1.74859,3516,2677,NA,4299,1106,675,12273,1769,701881
"National","X",2013,15,1.43006,1.49713,3110,2219,NA,3929,957,603,10818,1742,722583
"National","X",2013,16,1.27757,1.32313,2707,1757,NA,3509,724,491,9188,1732,694415
"National","X",2013,17,1.19009,1.22647,2588,1630,NA,3364,582,425,8589,1711,700300
"National","X",2013,18,1.09556,1.19614,2439,1470,NA,3142,565,370,7986,1675,667648
"National","X",2013,19,1.08589,1.19049,2422,1474,NA,2877,570,361,7704,1630,647130
"National","X",2013,20,1.07343,1.17426,2431,1345,NA,2583,565,393,7317,1582,623114
"National","X",2013,21,1.01677,1.13342,2230,1279,NA,2219,493,368,6589,1489,581338
"National","X",2013,22,1.04847,1.14306,2109,1147,NA,2094,483,357,6190,1486,541528
"National","X",2013,23,0.920349,1.00881,1983,1086,NA,1779,460,330,5638,1421,558875
"National","X",2013,24,0.920779,1.02358,1969,1112,NA,1713,468,277,5539,1419,541138
"National","X",2013,25,0.904333,1.00138,1877,1040,NA,1766,489,302,5474,1405,546643
"National","X",2013,26,0.83057,0.909498,1703,947,NA,1581,399,285,4915,1389,540408
"National","X",2013,27,0.862837,0.950042,1594,851,NA,1489,321,251,4506,1357,474295
"National","X",2013,28,0.732182,0.829299,1576,862,NA,1491,362,219,4510,1362,543833
"National","X",2013,29,0.724558,0.802109,1432,849,NA,1405,315,185,4186,1341,521874
"National","X",2013,30,0.740848,0.806333,1416,800,NA,1464,332,221,4233,1325,524969
"National","X",2013,31,0.726037,0.796937,1216,852,NA,1284,350,184,3886,1290,487617
"National","X",2013,32,0.755639,0.779136,1367,870,NA,1338,302,198,4075,1299,523015
"National","X",2013,33,0.761847,0.797653,1364,919,NA,1366,331,188,4168,1276,522533
"National","X",2013,34,0.779896,0.825485,1331,892,NA,1561,301,232,4317,1265,522965
"National","X",2013,35,0.899138,0.935469,1499,1014,NA,1814,410,316,5053,1260,540157
"National","X",2013,36,0.999524,1.04345,1681,1137,NA,2035,462,311,5626,1317,539175
"National","X",2013,37,1.0558,1.09107,1926,1217,NA,2437,440,354,6374,1307,584196
"National","X",2013,38,1.0967,1.20108,2175,1350,NA,2683,537,365,7110,1290,591969
"National","X",2013,39,1.24709,1.26179,2393,1500,NA,2963,648,459,7963,1364,631088
"National","X",2013,40,1.15746,1.13249,2974,1840,NA,3769,638,456,9677,1960,854487
"National","X",2013,41,1.27184,1.21121,3276,1924,NA,3925,762,533,10420,1990,860298
"National","X",2013,42,1.31623,1.25682,3483,2010,NA,3880,785,500,10658,2018,848016
"National","X",2013,43,1.37444,1.37097,3930,2292,NA,4484,816,514,12036,2027,877917
"National","X",2013,44,1.46781,1.42956,4045,2354,NA,4642,930,531,12502,2028,874537
"National","X",2013,45,1.5834,1.53588,4434,2511,NA,5062,953,538,13498,2017,878845
"National","X",2013,46,1.60253,1.60267,4643,2716,NA,5000,990,578,13927,2054,868987
"National","X",2013,47,1.72344,1.73267,4835,3088,NA,5579,1083,583,15168,2012,875411
"National","X",2013,48,2.11076,2.09858,4937,3027,NA,4313,1059,639,13975,2042,665926
"National","X",2013,49,2.1708,2.21374,5549,4375,NA,6579,1552,865,18920,2055,854664
"National","X",2013,50,2.36971,2.41674,5501,4458,NA,7046,1591,802,19398,2054,802651
"National","X",2013,51,3.15997,3.03071,6555,6525,NA,8406,2272,939,24697,2009,814891
"National","X",2013,52,4.59053,4.38724,7814,7499,NA,7485,2874,1316,26988,2007,615148
"National","X",2014,1,4.28195,4.2112,7488,9135,NA,6726,3555,1750,28654,2033,680424
"National","X",2014,2,3.56288,3.46492,6233,8846,NA,7881,3565,1622,28147,2059,812343
"National","X",2014,3,3.36378,3.31698,6007,8091,NA,9517,3149,1606,28370,2049,855297
"National","X",2014,4,3.39659,3.2407,5878,6818,NA,8858,2616,1332,25502,2062,786928
"National","X",2014,5,3.11922,2.88598,5133,6031,NA,8714,2403,1203,23484,2051,813726
"National","X",2014,6,2.83572,2.62172,4729,5278,NA,7711,2242,1125,21085,2051,804244
"National","X",2014,7,2.48484,2.34067,4210,4470,NA,6717,1829,969,18195,2018,777340
"National","X",2014,8,2.2741,2.12059,4250,4306,NA,6121,1684,873,17234,2025,812700
"National","X",2014,9,2.07244,1.91094,3953,3691,NA,5875,1505,890,15914,1978,832786
"National","X",2014,10,1.98207,1.9023,3775,3472,NA,5575,1430,792,15044,1944,790831
"National","X",2014,11,1.82441,1.76619,3616,3210,NA,5022,1360,816,14024,1904,794024
"National","X",2014,12,1.82036,1.85791,3798,3285,NA,5611,1422,810,14926,1922,803374
"National","X",2014,13,1.75391,1.82094,3523,3256,NA,5812,1298,772,14661,1887,805133
"National","X",2014,14,1.74542,1.83453,3582,3153,NA,5659,1436,807,14637,1866,797863
"National","X",2014,15,1.67236,1.75446,3574,2943,NA,5587,1316,786,14206,1845,809707
"National","X",2014,16,1.51659,1.51636,3130,2516,NA,4279,1088,710,11723,1810,773101
"National","X",2014,17,1.44778,1.40334,2846,2504,NA,3770,1036,658,10814,1771,770592
"National","X",2014,18,1.29028,1.2593,2501,2084,NA,3591,913,559,9648,1746,766139
"National","X",2014,19,1.37388,1.32482,2789,2009,NA,3615,834,528,9775,1714,737834
"National","X",2014,20,1.34208,1.27576,2544,1876,NA,3256,825,532,9033,1660,708049
"National","X",2014,21,1.34563,1.29483,2733,1742,NA,3068,771,483,8797,1570,679395
"National","X",2014,22,1.21291,1.2261,2528,1542,NA,2459,625,504,7658,1554,624582
"National","X",2014,23,1.19291,1.14538,2383,1492,NA,2349,607,398,7229,1461,631143
"National","X",2014,24,1.14146,1.0678,2227,1413,NA,2181,561,401,6783,1461,635233
"National","X",2014,25,1.06503,1.07269,2159,1285,NA,2009,528,388,6369,1392,593740
"National","X",2014,26,1.12669,1.01298,2049,1235,NA,1917,509,328,6038,1411,596063
"National","X",2014,27,0.947353,0.994705,1865,1075,NA,1688,416,308,5352,1388,538049
"National","X",2014,28,0.944187,0.880862,1758,1122,NA,1623,441,351,5295,1394,601116
"National","X",2014,29,0.934822,0.858173,1582,1116,NA,1621,403,361,5083,1376,592305
"National","X",2014,30,0.81736,0.805152,1455,1128,NA,1450,398,334,4765,1372,591814
"National","X",2014,31,0.852792,0.818781,1450,1094,NA,1655,417,326,4942,1378,603580
"National","X",2014,32,0.746994,0.783735,1460,1074,NA,1528,409,273,4744,1382,605307
"National","X",2014,33,0.761098,0.848703,1528,1107,NA,1631,403,311,4980,1369,586778
"National","X",2014,34,0.767627,0.834146,1569,1196,NA,1813,412,315,5305,1371,635980
"National","X",2014,35,0.862176,0.905981,1684,1223,NA,2184,401,307,5799,1353,640080
"National","X",2014,36,0.984907,1.04506,1753,1284,NA,2258,453,302,6050,1352,578913
"National","X",2014,37,1.16287,1.16816,2300,1550,NA,3316,568,396,8130,1401,695966
"National","X",2014,38,1.22731,1.27649,2535,1705,NA,3650,605,393,8888,1405,696282
"National","X",2014,39,1.2071,1.29758,2522,1820,NA,3447,657,428,8874,1407,683887
"National","X",2014,40,1.16191,1.20612,2958,1959,NA,3994,712,527,10150,1937,841540
"National","X",2014,41,1.30905,1.32485,3055,2116,NA,4437,821,548,10977,1960,828544
"National","X",2014,42,1.37072,1.41192,3442,2321,NA,4728,870,580,11941,2000,845727
"National","X",2014,43,1.43373,1.42547,3455,2459,NA,4955,892,531,12292,2008,862314
"National","X",2014,44,1.42791,1.43909,3632,2242,NA,5102,807,530,12313,2053,855608
"National","X",2014,45,1.61605,1.61532,4277,2349,NA,5799,863,565,13853,2058,857601
"National","X",2014,46,1.65976,1.66473,4424,2323,NA,5816,911,588,14062,1997,844700
"National","X",2014,47,2.05459,2.0058,4740,2921,NA,7322,1049,642,16674,2058,831289
"National","X",2014,48,2.53541,2.62227,5432,3277,NA,6848,1165,880,17602,2067,671251
"National","X",2014,49,2.54253,2.60749,6185,4623,NA,9106,1767,1224,22905,2097,878430
"National","X",2014,50,3.60563,3.4178,7424,5287,NA,13050,1970,1441,29172,2069,853532
"National","X",2014,51,4.90976,4.46555,9270,6920,NA,16418,2671,2103,37382,2016,837119
"National","X",2014,52,5.98221,6.11497,10363,8982,NA,13951,3718,3519,40533,1984,662849
"National","X",2014,53,5.47421,5.30979,9732,9348,NA,9406,4288,4117,36891,1983,694773
"National","X",2015,1,4.21374,4.07898,7160,8072,NA,9589,3614,3048,31483,1958,771835
"National","X",2015,2,4.21022,3.93762,7044,6946,NA,11966,2909,2339,31204,1971,792459
"National","X",2015,3,4.25968,4.15076,7840,6451,NA,13949,2951,2030,33221,1966,800359
"National","X",2015,4,3.97761,3.87899,7118,5844,NA,13159,2585,1915,30621,1955,789407
"National","X",2015,5,3.63443,3.45794,6656,5380,NA,12093,2368,1654,28151,1950,814097
"National","X",2015,6,3.26527,3.06359,6429,4884,NA,10328,2072,1505,25218,1917,823153
"National","X",2015,7,2.93083,2.82646,5537,4295,NA,8164,1842,1271,21109,1907,746836
"National","X",2015,8,2.54474,2.3599,4823,4061,NA,7280,1765,1249,19178,1934,812660
"National","X",2015,9,2.47227,2.33472,4639,3914,NA,7116,1696,1076,18441,1912,789858
"National","X",2015,10,2.35665,2.21286,4710,3654,NA,6748,1654,1067,17833,1907,805881
"National","X",2015,11,2.17008,2.07619,4559,3482,NA,6084,1573,997,16695,1883,804117
"National","X",2015,12,2.04297,2.01267,4418,3284,NA,6003,1486,931,16122,1848,801027
"National","X",2015,13,1.954,1.94192,4174,2968,NA,5623,1321,889,14975,1819,771143
"National","X",2015,14,1.72287,1.74809,3903,2931,NA,4634,1387,878,13733,1820,785602
"National","X",2015,15,1.53694,1.50367,3448,2448,NA,4214,1160,774,12044,1813,800974
"National","X",2015,16,1.38283,1.43494,3182,2052,NA,4011,975,640,10860,1768,756827
"National","X",2015,17,1.46265,1.45673,3203,2122,NA,4280,888,602,11095,1753,761638
"National","X",2015,18,1.38934,1.42836,3106,2074,NA,4079,846,589,10694,1735,748690
"National","X",2015,19,1.3468,1.35297,2805,1810,NA,3641,813,602,9671,1688,714799
"National","X",2015,20,1.25452,1.33093,2754,1768,NA,3296,736,470,9024,1622,678023
"National","X",2015,21,1.21636,1.28422,2593,1461,NA,2714,652,493,7913,1579,616171
"National","X",2015,22,1.16734,1.13889,2211,1334,NA,2345,594,462,6946,1505,609891
"National","X",2015,23,1.04654,1.10343,2109,1320,NA,2284,575,456,6744,1455,611184
"National","X",2015,24,0.943661,0.970748,1734,1167,NA,2046,495,408,5850,1459,602628
"National","X",2015,25,0.935046,0.998681,1897,1170,NA,1921,496,429,5913,1445,592081
"National","X",2015,26,0.934726,0.978057,1678,1043,NA,1701,430,380,5232,1417,534938
"National","X",2015,27,0.864118,0.866431,1546,1081,NA,1675,443,371,5116,1428,590468
"National","X",2015,28,0.806535,0.827757,1487,1028,NA,1609,405,341,4870,1411,588337
"National","X",2015,29,0.742747,0.797572,1383,1011,NA,1498,413,321,4626,1401,580010
"National","X",2015,30,0.737859,0.811221,1415,999,NA,1459,432,300,4605,1352,567663
"National","X",2015,31,0.743224,0.821165,1392,1026,NA,1590,420,325,4753,1364,578812
"National","X",2015,32,0.805251,0.819435,1330,1062,NA,1667,400,291,4750,1340,579668
"National","X",2015,33,0.816943,0.848041,1429,1134,NA,1815,436,359,5173,1356,609994
"National","X",2015,34,0.814518,0.888524,1687,1151,NA,2033,423,354,5648,1362,635661
"National","X",2015,35,0.86067,0.962826,1636,1230,NA,2292,481,324,5963,1354,619323
"National","X",2015,36,0.886704,1.02252,1714,1297,NA,2169,461,329,5970,1349,583853
"National","X",2015,37,1.00845,1.08392,1993,1392,NA,2744,536,397,7062,1369,651524
"National","X",2015,38,1.06625,1.17724,2178,1520,NA,2947,627,432,7704,1367,654414
"National","X",2015,39,1.05995,1.1716,2170,1654,NA,2746,652,404,7626,1332,650904
"National","X",2015,40,1.22559,1.24325,2849,2015,NA,3693,871,621,10049,1963,808287
"National","X",2015,41,1.31066,1.3234,3016,2102,NA,4007,912,678,10715,1976,809660
"National","X",2015,42,1.3711,1.40399,3263,2357,NA,4360,951,653,11584,1995,825079
"National","X",2015,43,1.39171,1.37629,3141,2254,NA,4148,927,694,11164,1999,811165
"National","X",2015,44,1.43712,1.46866,3563,2450,NA,4783,935,692,12423,2048,845875
"National","X",2015,45,1.50165,1.533,3746,2517,NA,4725,943,745,12676,2028,826877
"National","X",2015,46,1.59805,1.60841,3960,2656,NA,5076,1026,766,13484,2023,838344
"National","X",2015,47,1.89668,1.90047,3974,2427,NA,4073,981,703,12158,2000,639738
"National","X",2015,48,1.67728,1.73645,4469,3011,NA,5076,1232,829,14617,2040,841777
"National","X",2015,49,1.78296,1.81945,4575,2902,NA,5384,1252,873,14986,2020,823657
"National","X",2015,50,1.87336,1.96571,5135,2963,NA,5105,1250,943,15396,2000,783227
"National","X",2015,51,2.32148,2.42021,5377,2876,NA,4317,1256,1013,14839,1978,613128
"National","X",2015,52,2.40991,2.41083,5700,3264,NA,4011,1524,1180,15679,1949,650356
"National","X",2016,1,1.94328,1.98859,4775,3597,NA,4494,1631,1157,15654,2004,787192
"National","X",2016,2,1.99796,1.98985,4574,3180,NA,5362,1380,1021,15517,2005,779809
"National","X",2016,3,2.11829,2.1071,4804,3226,NA,5380,1297,954,15661,2008,743249
"National","X",2016,4,2.25112,2.19256,5088,3615,NA,6882,1551,1007,18143,2026,827482
"National","X",2016,5,2.37116,2.30014,5135,3759,NA,7353,1625,1072,18944,2007,823602
"National","X",2016,6,2.80035,2.67574,5645,4600,NA,8434,1916,1179,21774,2000,813755
"National","X",2016,7,3.16475,3.02427,5997,5642,NA,9325,2347,1370,24681,1993,816098
"National","X",2016,8,3.15183,3.11328,6299,6001,NA,10127,2606,1390,26423,1956,848718
"National","X",2016,9,3.3321,3.32788,6619,6395,NA,11415,2599,1440,28468,1952,855439
"National","X",2016,10,3.56024,3.5918,6660,7358,NA,11856,2977,1630,30481,1922,848628
"National","X",2016,11,3.05479,3.09262,5574,6026,NA,9334,2489,1471,24894,1898,804948
"National","X",2016,12,2.76732,2.78803,5187,4982,NA,8489,2000,1282,21940,1900,786936
"National","X",2016,13,2.44161,2.52371,4581,4476,NA,7392,1953,1201,19603,1832,776752
"National","X",2016,14,2.03348,2.12928,3707,3869,NA,6403,1660,1130,16769,1813,787543
"National","X",2016,15,1.98593,2.05142,3572,3530,NA,6595,1533,1031,16261,1805,792672
"National","X",2016,16,1.91514,1.98957,3515,3247,NA,6357,1373,945,15437,1774,775895
"National","X",2016,17,1.69968,1.7858,3157,2986,NA,5557,1235,901,13836,1759,774777
"National","X",2016,18,1.57635,1.60144,2772,2586,NA,4729,1037,746,11870,1742,741210
"National","X",2016,19,1.3935,1.4743,2871,2276,NA,4046,849,665,10707,1690,726244
"National","X",2016,20,1.29941,1.42286,2688,1998,NA,3630,839,643,9798,1626,688612
"National","X",2016,21,1.18379,1.38196,2612,1714,NA,3126,717,618,8787,1439,635835
"National","X",2016,22,1.13723,1.33712,2545,1637,NA,2620,663,532,7997,1482,598077
"National","X",2016,23,1.04118,1.13894,2293,1460,NA,2313,617,518,7201,1446,632252
"National","X",2016,24,0.971814,1.09641,2189,1354,NA,2171,588,466,6768,1440,617287
"National","X",2016,25,0.863306,0.999559,2062,1178,NA,1905,493,386,6024,1402,602666
"National","X",2016,26,0.833797,0.99095,1873,1146,NA,1810,473,384,5686,1382,573793
"National","X",2016,27,0.784516,0.931253,1646,985,NA,1641,463,383,5118,1379,549582
"National","X",2016,28,0.734327,0.843118,1610,1064,NA,1599,422,383,5078,1392,602288
"National","X",2016,29,0.698845,0.840286,1670,994,NA,1621,384,375,5044,1388,600272
"National","X",2016,30,0.723099,0.830065,1580,1036,NA,1624,362,323,4925,1393,593327
"National","X",2016,31,0.663501,0.790428,1455,971,NA,1496,359,315,4596,1360,581457
"National","X",2016,32,0.69276,0.830826,1512,1016,NA,1639,382,319,4868,1329,585923
"National","X",2016,33,0.710029,0.856796,1644,1028,NA,1914,373,306,5265,1345,614499
"National","X",2016,34,0.834232,1.00746,1848,1234,NA,2364,465,349,6260,1356,621362
"National","X",2016,35,0.992621,1.05868,1815,1242,NA,2651,455,341,6504,1354,614349
"National","X",2016,36,1.01605,1.10028,1883,1284,NA,2604,471,381,6623,1347,601938
"National","X",2016,37,1.07169,1.1457,2026,1509,NA,3073,579,452,7639,1365,666755
"National","X",2016,38,1.10163,1.2189,2341,1539,NA,3298,613,438,8229,1363,675119
"National","X",2016,39,1.18841,1.31113,2413,1645,NA,3334,630,483,8505,1389,648678
"National","X",2016,40,1.2019,1.27386,3110,2114,NA,4169,828,643,10864,1946,852842
"National","X",2016,41,1.23108,1.29342,3207,2155,NA,4078,879,678,10997,1973,850228
"National","X",2016,42,1.26796,1.33097,3564,2234,NA,4452,981,695,11926,1983,896035
"National","X",2016,43,1.36298,1.42662,3786,2406,NA,4769,987,700,12648,2006,886570
"National","X",2016,44,1.48535,1.57071,4314,2444,NA,5287,1030,715,13790,1999,877947
"National","X",2016,45,1.55954,1.65146,4703,2549,NA,5193,1055,758,14258,1990,863356
"National","X",2016,46,1.64783,1.73309,4979,2659,NA,5610,1083,829,15160,2000,874739
"National","X",2016,47,1.91275,2.03388,5032,2634,NA,4567,1108,867,14208,2011,698566
"National","X",2016,48,1.81725,1.88331,5209,3326,NA,5655,1359,1056,16605,2001,881694
"National","X",2016,49,1.91433,2.00292,5501,3188,NA,5812,1413,1047,16961,2013,846813
"National","X",2016,50,2.21003,2.27731,5744,3491,NA,6724,1485,1019,18463,2000,810736
"National","X",2016,51,2.73568,2.91465,6653,4099,NA,7469,1923,1421,21565,1977,739882
"National","X",2016,52,3.36832,3.54919,7712,5247,NA,7144,2652,2145,24900,1928,701569
"National","X",2017,1,3.09689,3.08102,6716,5673,NA,6786,2773,2230,24178,2024,784740
"National","X",2017,2,3.07346,3.01875,6020,5313,NA,8843,2639,2082,24897,1997,824746
"National","X",2017,3,3.51643,3.40446,6399,5588,NA,12147,2717,1930,28781,2029,845391
"National","X",2017,4,3.8027,3.52869,6958,5788,NA,14073,2623,1823,31265,2021,886023
"National","X",2017,5,4.50313,4.10665,7452,6522,NA,17482,2968,2093,36517,2024,889216
"National","X",2017,6,5.06308,4.7551,8110,8235,NA,20150,3749,2646,42890,2027,901978
"National","X",2017,7,4.86009,4.65163,7726,8328,NA,18692,3652,2637,41035,1967,882163
"National","X",2017,8,4.57916,4.57049,7649,8560,NA,17300,3807,2808,40124,1987,877892
"National","X",2017,9,3.55674,3.45522,6129,6496,NA,12394,2983,2181,30183,1995,873547
"National","X",2017,10,3.50417,3.29505,5854,5970,NA,11552,2766,1918,28060,1971,851580
"National","X",2017,11,3.21511,3.16426,5503,5535,NA,10084,2582,1780,25484,1958,805370
"National","X",2017,12,3.10088,3.14433,5514,5858,NA,11503,2641,1838,27354,1940,869946
"National","X",2017,13,2.79056,2.87936,5145,5070,NA,10149,2354,1624,24342,1899,845397
"National","X",2017,14,2.38547,2.36977,4488,3918,NA,8178,1760,1333,19677,1906,830332
"National","X",2017,15,1.9703,1.93853,3909,3151,NA,5847,1470,1171,15548,1861,802052
"National","X",2017,16,1.73442,1.64064,3306,2766,NA,4683,1258,993,13006,1845,792740
"National","X",2017,17,1.56303,1.4752,2997,2391,NA,4497,1111,928,11924,1846,808298
"National","X",2017,18,1.4128,1.37755,2890,2039,NA,4105,1011,717,10762,1795,781240
"National","X",2017,19,1.27492,1.33771,2751,2037,NA,3831,862,721,10202,1767,762648
"National","X",2017,20,1.2834,1.34686,2685,2011,NA,3518,886,709,9809,1746,728288
"National","X",2017,21,1.16663,1.26579,2341,1745,NA,3060,771,647,8564,1614,676574
"National","X",2017,22,1.10977,1.25701,2311,1577,NA,2575,710,583,7756,1569,617021
"National","X",2017,23,1.04333,1.16048,2412,1459,NA,2377,671,591,7510,1493,647145
"National","X",2017,24,0.905151,1.04834,2049,1346,NA,2099,595,547,6636,1470,633003
"National","X",2017,25,0.902718,0.992711,1930,1282,NA,1971,559,498,6240,1469,628582
"National","X",2017,26,0.859531,0.961603,1771,1121,NA,1748,489,467,5596,1422,581945
"National","X",2017,27,0.818998,0.955818,1728,1111,NA,1564,505,418,5326,1456,557219
"National","X",2017,28,0.752505,0.827597,1545,1004,NA,1578,462,372,4961,1405,599446
"National","X",2017,29,0.731146,0.811886,1549,908,NA,1421,450,419,4747,1384,584688
"National","X",2017,30,0.733295,0.818527,1576,953,NA,1515,459,376,4879,1377,596071
"National","X",2017,31,0.73102,0.829758,1529,1037,NA,1485,415,433,4899,1390,590413
"National","X",2017,32,0.68834,0.828503,1559,1044,NA,1481,441,390,4915,1386,593239
"National","X",2017,33,0.732049,0.885896,1603,1097,NA,1691,427,412,5230,1350,590363
"National","X",2017,34,0.911188,1.05351,1964,1256,NA,2549,473,411,6653,1379,631507
"National","X",2017,35,1.02105,1.11768,2076,1302,NA,2726,526,503,7133,1370,638196
"National","X",2017,36,1.09495,1.14028,2073,1369,NA,2488,587,555,7072,1384,620201
"National","X",2017,37,1.09475,1.13326,2372,1656,NA,2942,706,628,8304,1485,732755
"National","X",2017,38,1.09775,1.17589,2544,1625,NA,3075,664,655,8563,1484,728214
"National","X",2017,39,1.18882,1.23848,2840,1652,NA,3201,746,640,9079,1468,733077
"National","X",2017,40,1.26589,1.2802,3849,2488,NA,4556,1071,875,12839,2220,1002892
"National","X",2017,41,1.30479,1.33123,4118,2676,NA,4453,1073,947,13267,2245,996595
"National","X",2017,42,1.34075,1.40786,4408,2805,NA,4993,1139,974,14319,2266,1017076
"National","X",2017,43,1.51674,1.5722,5006,2922,NA,5531,1324,1049,15832,2266,1006998
"National","X",2017,44,1.74583,1.70326,5219,3289,NA,6134,1365,1062,17069,2222,1002140
"National","X",2017,45,1.88708,1.86636,6126,3609,NA,6671,1522,1129,19057,2288,1021079
"National","X",2017,46,2.05923,2.07647,6880,4243,NA,7577,1805,1387,21892,2296,1054290
"National","X",2017,47,2.27971,2.33593,6945,3844,NA,5875,1707,1445,19816,2271,848314
"National","X",2017,48,2.28379,2.24637,7008,5235,NA,7474,2206,1829,23752,2279,1057350
"National","X",2017,49,2.58278,2.49504,7229,5046,NA,8488,2335,1857,24955,2272,1000183
"National","X",2017,50,3.36558,3.2005,8285,6671,NA,11259,2955,2332,31502,2262,984283
"National","X",2017,51,4.73117,4.43807,10447,9856,NA,14166,4580,3733,42782,2211,963978
"National","X",2017,52,5.70943,5.46361,11335,11507,NA,11540,5754,5119,45255,2132,828299
"National","X",2018,1,5.74658,5.35765,9410,13383,NA,11717,6871,5888,47269,2243,882271
"National","X",2018,2,5.89207,5.52437,10053,15380,NA,17357,7772,6199,56761,2257,1027466
"National","X",2018,3,6.51759,6.34528,11997,16012,NA,21897,7569,5561,63036,2286,993431
"National","X",2018,4,7.16338,7.01811,13408,18317,NA,30625,8911,6065,77326,2288,1101807
"National","X",2018,5,7.52133,7.7809,14844,19086,NA,37200,8915,5940,85985,2275,1105078
"National","X",2018,6,7.38748,7.76939,15192,19527,NA,38606,8626,5874,87825,2299,1130397
"National","X",2018,7,6.44688,6.81176,13365,17203,NA,32124,8079,5439,76210,2227,1118800
"National","X",2018,8,4.95881,5.15749,10154,12437,NA,20450,5805,4179,53025,2272,1028116
"National","X",2018,9,3.68612,3.55945,7208,8485,NA,13392,4104,2875,36064,2208,1013191
"National","X",2018,10,3.18626,3.00518,6368,6485,NA,10850,3138,2292,29133,2214,969427
"National","X",2018,11,2.76894,2.73038,5588,5928,NA,9468,2822,2132,25938,2201,949978
"National","X",2018,12,2.48706,2.47768,5223,5408,NA,8640,2563,1971,23805,2180,960779
"National","X",2018,13,2.40802,2.36314,4721,4720,NA,7214,2295,1743,20693,2144,875658
"National","X",2018,14,2.07483,2.03139,4553,4459,NA,6218,2153,1691,19074,2127,938963
"National","X",2018,15,1.77898,1.80376,4145,3749,NA,5505,1818,1447,16664,2086,923848
"National","X",2018,16,1.61487,1.58696,3856,3214,NA,5269,1427,1103,14869,2112,936950
"National","X",2018,17,1.5385,1.53801,3723,3026,NA,5336,1371,1096,14552,2088,946160
"National","X",2018,18,1.52612,1.44974,3658,2604,NA,4815,1217,997,13291,2018,916783
"National","X",2018,19,1.28847,1.27729,3444,2205,NA,4133,935,902,11619,1933,909661
"National","X",2018,20,1.18344,1.22051,3359,2239,NA,3764,905,799,11066,1977,906668
"National","X",2018,21,1.24919,1.23235,3385,2082,NA,3429,884,866,10646,1896,863879
"National","X",2018,22,1.14131,1.223,3220,1822,NA,2987,846,733,9608,1802,785606
"National","X",2018,23,0.9878,1.0473,2847,1838,NA,2552,802,654,8693,1798,830040
"National","X",2018,24,0.895565,0.978113,2375,1596,NA,2245,699,658,7573,1753,774246
"National","X",2018,25,0.892204,0.947548,2312,1554,NA,2162,729,616,7373,1773,778114
"National","X",2018,26,0.877184,0.867554,2206,1530,NA,1916,669,626,6947,1736,800757
"National","X",2018,27,0.780203,0.82328,2009,1299,NA,1862,539,549,6258,1780,760130
"National","X",2018,28,0.725075,0.771497,1943,1443,NA,1901,627,587,6501,1785,842647
"National","X",2018,29,0.68247,0.706819,1741,1290,NA,1720,566,469,5786,1748,818597
"National","X",2018,30,0.640393,0.685155,1665,1202,NA,1643,524,463,5497,1741,802300
"National","X",2018,31,0.639127,0.687351,1618,1246,NA,1769,525,454,5612,1724,816468
"National","X",2018,32,0.705637,0.735733,1726,1334,NA,1784,541,476,5861,1690,796621
"National","X",2018,33,0.707801,0.806048,1986,1387,NA,2170,516,478,6537,1725,810994
"National","X",2018,34,0.822659,0.944013,2239,1492,NA,2468,609,515,7323,1610,775731
"National","X",2018,35,0.859864,0.960101,2445,1638,NA,2830,656,542,8111,1681,844807
"National","X",2018,36,1.10083,1.14128,2814,1985,NA,3343,767,621,9530,1710,835027
"National","X",2018,37,1.15323,1.14784,2773,2112,NA,3660,829,691,10065,1708,876862
"National","X",2018,38,1.20178,1.31156,3242,2347,NA,3949,922,729,11189,1684,853109
"National","X",2018,39,1.2498,1.26102,3481,2488,NA,4198,931,669,11767,1710,933130
"National","X",2018,40,1.40915,1.41965,4912,3890,NA,6292,1564,1304,17962,2602,1265240
"National","X",2018,41,1.3981,1.47352,5339,4050,NA,6237,1677,1330,18633,2638,1264522
"National","X",2018,42,1.45944,1.58658,5569,4417,NA,6711,1759,1403,19859,2613,1251688
"National","X",2018,43,1.64212,1.74181,6258,4699,NA,7462,1949,1498,21866,2670,1255362
"National","X",2018,44,1.77754,1.83999,6867,4728,NA,8163,1861,1457,23076,2653,1254138
"National","X",2018,45,1.86204,1.92837,7512,4831,NA,8379,1895,1456,24073,2659,1248357
"National","X",2018,46,1.99006,2.09608,7849,5070,NA,8077,2052,1491,24539,2651,1170711
"National","X",2018,47,2.24928,2.41198,8621,5026,NA,7215,2155,1707,24724,2605,1025048
"National","X",2018,48,2.14674,2.2515,8901,6590,NA,8757,2827,2086,29161,2648,1295182
"National","X",2018,49,2.26517,2.31612,8819,6007,NA,9295,2536,1874,28531,2643,1231842
"National","X",2018,50,2.64702,2.75458,10213,6887,NA,11371,2895,2012,33378,2632,1211729
"National","X",2018,51,3.16945,3.22789,11229,7813,NA,12539,3283,2445,37309,2535,1155832
"National","X",2018,52,3.98104,4.1986,13551,10348,NA,11998,4522,3544,43963,2553,1047086
"National","X",2019,1,3.46991,3.6475,11667,11395,NA,9550,5230,4277,42119,2595,1154737
"National","X",2019,2,3.08666,3.15309,9309,10458,NA,10890,4893,3463,39013,2620,1237293
"National","X",2019,3,3.31026,3.36016,9497,9991,NA,13993,4242,2938,40661,2598,1210091
"National","X",2019,4,3.77069,3.9007,10525,11150,NA,16575,4440,2849,45539,2591,1167458
"National","X",2019,5,4.31372,4.58346,11211,12816,NA,21532,5049,3196,53804,2484,1173873
"National","X",2019,6,4.76853,5.25324,12848,14983,NA,27496,5803,3772,64902,2346,1235465
